{"American Staffordshire terrier": 0.6497409343719482, "Staffordshire bullterrier": 0.33827105164527893, "basenji": 0.004687792155891657, "boxer": 0.0014476802898570895, "Ibizan hound": 0.0010738503187894821}