{"American Staffordshire terrier": 0.6252655982971191, "Staffordshire bullterrier": 0.37288418412208557, "kelpie": 0.000898087106179446, "basenji": 0.00022218763479031622, "Australian terrier": 0.00011156134132761508}